Data inizio,Data fine,Orario,Titolo,Tipo,Città,Sede,Con,Descrizione,Iscrizioni entro,Iscrizione anticipata entro,Link,Lingua,Pubblica,Slug
2026-12-04,2026-12-06,"venerdì ore 19 – domenica ore 19 circa",Seminario di Respirazione Olotropica a Milano,Seminario,Milano,Milano città,,"Seminario intensivo con quattro sessioni: due respirazioni e due accompagnamenti.",2026-11-24,2026-11-14,,Italiano,sì,
2026-10-16,2026-10-18,"venerdì ore 18.30 – domenica ore 19 circa",Seminario di Respirazione Olotropica a Torino,Seminario,Torino,"Giaveno o altra sede in Piemonte da definire",,"Seminario intensivo con quattro sessioni: due respirazioni e due accompagnamenti.",2026-10-06,2026-09-26,,Italiano,sì,
2026-10-02,2026-10-03,"venerdì ore 19.30 – sabato ore 20.30",Respirazione Olotropica a Verona,Seminario,Verona,,Monica Bortoluzzi,"Venerdì presentazione e cerchio di apertura (fino alle 21.30 circa). Sabato dalle 8.30 alle 20.30 due sessioni di Respirazione Olotropica (una respirazione e un accompagnamento) e cerchio di chiusura.",,,https://holotropic-association.eu/workshops/respirazione-olotropica-verona-oqot,Italiano,sì,
2026-09-11,2026-09-13,"venerdì ore 18.30 – domenica ore 19 circa",Seminario di Respirazione Olotropica a Milano,Seminario,Milano,Carate Brianza,,"Seminario intensivo con quattro sessioni: due respirazioni e due accompagnamenti.",2026-09-01,2026-09-01,,Italiano,sì,
2026-07-24,2026-07-26,,"Oltre i confini dell'io racchiuso nella pelle. Gli archetipi delle direzioni e la Voce della Terra",Seminario esperienziale,Appennino di Modena,,Il Pianeta Empatico,"Seminario esperienziale condotto da Mario Lorenzetti in collaborazione con il Pianeta Empatico.",,,https://static1.squarespace.com/static/617e85e44892976b1d15cda1/t/6a1332b2c82e650ac3559d8f/1779643058053/Oltre+i+confini+Gli+archetipi+delle+direzioni+e+la+Voce+della+Terra+%284%29.pdf,Italiano,sì,
2026-07-10,2026-07-12,"venerdì ore 18.30 – domenica ore 19 circa",Seminario di Respirazione Olotropica a Torino,Seminario,Torino,Giaveno,,"Seminario intensivo con quattro sessioni: due respirazioni e due accompagnamenti.",2026-06-30,2026-06-20,,Italiano,sì,
2026-06-18,2026-06-18,ore 20.30,"Il potenziale trasformativo degli stati di coscienza: Stanislav Grof e la Respirazione Olotropica",Conferenza,Bussoleno (TO),,,"Conferenza pubblica. Ingresso libero, posti limitati, prenotazione obbligatoria.",,,,Italiano,sì,
2025-10-10,2025-10-12,"venerdì ore 18 – domenica ore 19 circa",Seminario di Respirazione Olotropica a Milano,Seminario,Milano,Carate Brianza,,"Due sessioni di respirazione e due di accompagnamento.",,,,Italiano,sì,
2025-07-25,2025-07-27,"venerdì ore 18 – domenica ore 19 circa",Seminario di Respirazione Olotropica a Torino,Seminario,Torino,Giaveno,,"Due sessioni di respirazione e due di accompagnamento.",,,,Italiano,sì,
2025-06-27,2025-06-29,"venerdì ore 18 – domenica ore 19 circa",Seminario di Respirazione Olotropica a Milano,Seminario,Milano,Carate Brianza,,"Due sessioni di respirazione e due di accompagnamento.",,,,Italiano,sì,
2025-04-25,2025-04-27,"venerdì ore 18 – domenica ore 19 circa",Seminario di Respirazione Olotropica a Torino,Seminario,Torino,,Alessandro Pacco,"Due sessioni di respirazione e due di accompagnamento.",,,,Italiano,sì,
2025-02-18,2025-02-21,"martedì sera – venerdì mattina",Holotropic Breathwork – Eastwest Transpersonal Training School,Intensivo,Todtmoos (Germania),"Foresta Nera, 50 km da Basilea",Kati Wortelkamp,"Intensivo della Eastwest Transpersonal Training School in lingua inglese: quattro sessioni (due respirazioni). Si può partecipare solo alla parte di Respirazione Olotropica; dal 21 al 23 febbraio segue il seminario di Jure Biechonski ""From Regression to Progression"".",,,https://transpersonal-training.com/,Inglese,sì,
2025-01-31,2025-02-02,"venerdì ore 18 – domenica ore 19 circa",Seminario di Respirazione Olotropica a Milano,Seminario,Milano,Carate Brianza (30 km da Milano),Patrizia Giorgetti,"Due sessioni di respirazione e due di accompagnamento. Posti limitati.",2025-01-21,,,Italiano,sì,
2024-10-18,2024-10-20,venerdì ore 18,Seminario di Respirazione Olotropica a Milano,Seminario,Milano,Carate Brianza (30 km da Milano),,"Due sessioni di respirazione e due di accompagnamento.",2024-10-08,,,Italiano,sì,
2024-08-30,2024-09-01,venerdì ore 18,Seminario di Respirazione Olotropica a Torino,Seminario,Torino,Giaveno,,"Due sessioni di respirazione e due di accompagnamento.",,,,Italiano,sì,
2024-07-05,2024-07-07,venerdì sera,Seminario di Respirazione Olotropica a Milano,Seminario,Milano,Carate Brianza (30 km da Milano),,"Due sessioni di respirazione e due di accompagnamento.",,,,Italiano,sì,
2023-12-08,2023-12-10,venerdì sera,Seminario di Respirazione Olotropica a Torino,Seminario,Torino,Giaveno,,"Due sessioni di respirazione e due di accompagnamento.",,,,Italiano,sì,
2023-10-27,2023-10-29,venerdì ore 18,Seminario di Respirazione Olotropica a Milano,Seminario,Milano,Carate Brianza (30 km da Milano),,"Due sessioni di respirazione e due di accompagnamento.",,,,Italiano,sì,
2023-07-28,2023-07-30,venerdì ore 19,Seminario di Respirazione Olotropica a Torino,Seminario,Torino,Giaveno,,"Due sessioni di respirazione e due di accompagnamento.",,,,Italiano,sì,
2023-06-09,2023-06-11,venerdì sera,Seminario di Respirazione Olotropica a Terni,Seminario,Attigliano (Terni),"Un'ora da Roma",,"Due sessioni di respirazione e due di accompagnamento.",2023-05-30,,,Italiano,sì,
2023-05-26,2023-05-28,venerdì sera,Seminario di Respirazione Olotropica a Milano,Seminario,Milano,Carate Brianza (30 km da Milano),,"Due sessioni di respirazione e due di accompagnamento.",2023-05-16,,,Italiano,sì,
2023-03-31,2023-04-02,venerdì sera,Respiration Holotropique dans les Pyrénées,Seminario,Saint-Gaudens (Francia),Pirenei,,"Due sessioni di respirazione e due di accompagnamento.",,,,Francese,sì,
2023-03-17,2023-03-19,venerdì sera,Seminario di Respirazione Olotropica a Torino,Seminario,Torino,Rosta,,"Due sessioni di respirazione e due di accompagnamento.",,,,Italiano,sì,
2022-05-20,2022-05-22,venerdì sera,Seminario di Respirazione Olotropica a Milano,Seminario,Milano,Carate Brianza,Patrizia Giorgetti,"Intensivo olotropico: quattro sessioni, due di Holotropic Breathwork e due di accompagnamento.",,,,Italiano,sì,
2022-04-23,2022-04-25,,Seminario di Respirazione Olotropica a Torino,Seminario,Torino,Giaveno,Manuela Furione,"Intensivo olotropico: quattro sessioni, due di Holotropic Breathwork e due di accompagnamento.",,,,Italiano,sì,
2022-03-18,2022-03-20,venerdì sera,Seminario di Respirazione Olotropica a Udine,Seminario,Udine,Bueriis,Manuela Furione,"Intensivo olotropico: quattro sessioni, due di Holotropic Breathwork e due di accompagnamento.",,,,Italiano,sì,
